Day,Campaign name,Ad name,Amount spent (USD),Impressions,Link clicks,Purchases,Purchase conversion value
2026-09-01,C,ad29,8.95,2733,189,2,276.74
2026-09-01,C,ad1,74.67,5577,134,5,208.03
2026-09-01,D,ad1,13.54,4324,99,3,275.36
2026-09-01,E,ad22,15.34,1250,65,2,295.77
2026-09-01,A,ad2,65.53,4099,173,2,134.11
2026-09-01,A,ad6,85.37,2162,48,4,93.22
2026-09-01,E,ad29,29.5,8202,183,5,56.17
2026-09-01,E,ad36,53.09,7594,114,2,126.35
2026-09-01,B,ad5,77.83,1898,81,1,257.09
2026-09-01,B,ad36,22.58,3704,187,0,228.72
2026-09-01,E,ad38,44.17,3773,127,3,168.19
2026-09-01,C,ad29,61.33,6478,188,5,66.68
2026-09-01,B,ad11,79.8,5972,93,5,98.74
2026-09-01,E,ad39,59.48,3698,145,4,139.7
2026-09-01,B,ad4,18.88,2679,38,3,288.09
2026-09-01,C,ad12,83.89,1604,152,1,4.2
2026-09-01,D,ad23,82.05,4758,63,2,42.05
2026-09-01,C,ad4,73.68,2328,59,5,211.81
2026-09-01,A,ad0,74.63,8499,47,3,294.48
2026-09-01,A,ad25,48.3,1215,82,2,49.85
2026-09-01,E,ad36,66.77,2778,107,5,54.26
2026-09-01,D,ad9,99.88,4078,111,0,260.4
2026-09-01,E,ad11,97.61,1013,170,0,30.65
2026-09-01,C,ad27,22.71,2569,121,0,193.46
2026-09-01,E,ad21,65.55,6302,113,1,203.23
2026-09-01,B,ad2,87.42,7294,82,1,73.16
2026-09-01,C,ad33,10.71,3474,178,3,185.11
2026-09-01,D,ad13,59.62,1427,69,2,227.78
2026-09-01,A,ad27,15.97,2095,150,5,35.12
2026-09-01,B,ad26,22.44,6720,54,2,21.36
2026-09-01,A,ad37,39.12,8730,123,1,243.91
2026-09-01,C,ad37,57.88,6371,142,0,162.06
2026-09-01,E,ad34,56.44,8099,45,1,195.62
2026-09-01,A,ad3,52.88,4931,86,4,186.77
2026-09-01,B,ad22,95.94,3226,102,4,163.07
2026-09-01,C,ad18,53.39,4776,179,3,126.42
2026-09-01,E,ad21,74.64,3549,14,1,266.9
2026-09-01,B,ad37,36.76,2448,45,3,266.25
2026-09-01,C,ad29,75.71,5529,175,2,1.93
2026-09-01,B,ad2,76.05,3634,32,0,253.73
2026-09-01,A,ad39,68.61,1985,141,2,48.39
2026-09-01,D,ad18,76.66,7219,167,2,213.08
2026-09-01,A,ad20,59.37,6047,102,5,224.66
2026-09-01,B,ad29,86.29,2547,47,1,155.0
2026-09-01,C,ad7,84.09,6722,187,0,142.92
2026-09-01,C,ad19,14.16,5994,115,3,272.06
2026-09-01,A,ad22,47.59,3645,145,0,11.39
2026-09-01,E,ad34,16.46,6974,186,4,185.07
2026-09-01,D,ad28,95.3,1212,182,0,125.5
2026-09-01,E,ad16,46.31,8440,118,1,298.49
2026-09-01,A,ad3,25.91,8939,153,0,247.16
2026-09-01,D,ad12,84.57,1388,17,1,266.59
2026-09-01,B,ad37,13.29,3300,97,4,192.94
2026-09-01,C,ad1,19.64,5320,165,2,207.03
2026-09-01,E,ad39,69.49,1093,138,5,221.63
2026-09-01,B,ad19,53.21,1762,161,2,97.19
2026-09-01,D,ad17,30.39,1961,139,0,82.6
2026-09-01,A,ad39,59.75,8092,77,5,293.12
2026-09-01,B,ad39,24.7,5495,137,1,166.5
2026-09-01,E,ad36,34.38,8626,192,1,140.4
2026-09-01,C,ad37,63.05,7464,130,1,133.93
2026-09-01,C,ad0,88.88,1447,104,1,133.79
2026-09-01,B,ad35,71.8,5362,10,5,228.86
2026-09-01,A,ad1,66.11,1793,65,1,272.3
2026-09-01,C,ad4,75.93,1652,99,5,35.43
2026-09-01,D,ad2,40.95,4661,116,5,246.88
2026-09-01,C,ad24,98.19,7966,188,1,136.56
2026-09-01,D,ad34,63.07,7199,17,5,273.68
2026-09-01,B,ad7,29.47,7978,172,3,47.01
2026-09-01,D,ad14,8.42,5928,54,0,108.4
2026-09-01,D,ad15,15.62,1317,188,5,267.27
2026-09-01,E,ad11,23.86,3653,132,5,132.81
2026-09-01,C,ad17,74.77,4596,142,2,274.83
2026-09-01,A,ad29,82.38,5774,81,4,38.75
2026-09-01,D,ad27,92.92,3007,148,0,54.51
2026-09-01,C,ad13,66.08,7383,75,4,270.21
2026-09-01,E,ad12,33.24,7422,22,3,268.19
2026-09-01,C,ad15,84.69,8371,29,4,142.42
2026-09-01,B,ad13,95.58,5960,175,3,92.83
2026-09-01,A,ad27,71.21,2106,116,5,55.41
2026-09-01,C,ad39,11.87,4680,68,3,41.97
2026-09-01,D,ad35,44.04,7744,191,4,110.67
2026-09-01,D,ad4,28.65,1126,149,4,47.56
2026-09-01,E,ad7,94.23,6183,93,2,200.32
2026-09-01,B,ad1,82.06,7166,137,1,263.09
2026-09-01,C,ad8,11.64,5290,153,2,96.21
2026-09-01,E,ad27,62.9,8775,62,3,213.47
2026-09-01,B,ad7,98.59,4526,19,2,240.83
2026-09-01,B,ad23,54.76,5738,194,0,154.99
2026-09-01,E,ad37,89.5,5086,132,3,72.31
2026-09-01,C,ad26,82.17,1352,98,0,286.77
2026-09-01,C,ad22,49.8,4669,150,2,66.32
2026-09-01,D,ad37,46.99,4059,14,2,225.72
2026-09-01,C,ad32,20.36,6365,58,0,287.36
2026-09-01,E,ad17,38.67,4234,57,0,236.54
2026-09-01,D,ad7,23.18,8296,181,0,71.19
2026-09-01,A,ad17,85.34,8246,143,0,89.67
2026-09-01,A,ad34,62.32,2895,96,2,211.77
2026-09-01,C,ad34,93.94,5793,48,5,233.31
2026-09-01,E,ad11,43.98,1016,192,4,241.33
2026-09-01,A,ad39,71.66,1255,145,5,213.86
2026-09-01,D,ad24,84.15,1206,152,2,91.49
2026-09-01,D,ad30,6.22,8574,143,0,88.79
2026-09-01,D,ad8,35.67,8293,155,5,11.32
2026-09-01,E,ad28,46.44,6815,165,3,14.96
2026-09-01,A,ad20,93.22,8430,126,5,178.32
2026-09-01,C,ad0,87.7,8222,174,2,244.66
2026-09-01,E,ad30,13.03,8001,170,0,105.92
2026-09-01,B,ad1,95.77,5433,151,1,253.33
2026-09-01,A,ad7,64.56,5659,155,4,198.33
2026-09-01,C,ad25,11.83,3271,198,2,7.46
2026-09-01,A,ad38,70.56,5681,119,5,258.88
2026-09-01,B,ad15,86.26,1542,23,4,97.11
2026-09-01,E,ad33,29.59,4231,171,1,249.05
2026-09-01,D,ad30,35.65,4604,143,4,53.77
2026-09-01,E,ad28,31.38,3702,127,2,105.19
2026-09-01,E,ad7,71.74,5403,31,0,199.97
2026-09-01,E,ad30,73.24,8465,19,2,143.14
2026-09-01,B,ad3,78.56,5297,44,0,254.32
2026-09-01,C,ad11,92.5,5242,119,2,203.79
2026-09-01,D,ad30,22.27,1061,183,3,268.3
2026-09-01,B,ad3,72.28,3201,94,4,295.73
2026-09-01,E,ad31,66.34,6655,147,1,78.27
2026-09-01,A,ad13,29.95,6257,110,5,225.63
2026-09-01,E,ad20,97.65,8803,15,2,78.91
2026-09-01,D,ad5,50.31,1733,100,5,144.99
2026-09-01,B,ad7,95.14,3251,23,0,196.22
2026-09-01,D,ad13,97.32,6469,107,0,233.68
2026-09-01,C,ad37,90.5,2871,48,4,217.81
2026-09-01,E,ad30,48.65,3179,130,5,276.0
2026-09-01,E,ad0,31.58,5458,57,3,105.98
2026-09-01,B,ad6,60.65,6552,77,4,53.43
2026-09-01,C,ad26,47.71,5993,190,0,282.66
2026-09-01,B,ad2,49.48,4855,166,5,180.99
2026-09-01,D,ad33,28.19,5148,189,2,247.99
2026-09-01,D,ad32,85.01,7889,29,2,138.28
2026-09-01,E,ad1,74.42,1591,77,0,253.11
2026-09-01,E,ad37,87.2,7052,23,1,195.66
2026-09-01,E,ad35,55.5,1836,73,3,8.13
2026-09-01,E,ad16,13.8,8866,123,2,252.77
2026-09-01,E,ad23,86.92,3135,134,3,210.38
2026-09-01,A,ad8,11.58,5645,43,2,111.01
2026-09-01,A,ad32,19.68,7542,53,2,193.13
2026-09-01,C,ad35,94.69,7609,123,5,183.52
2026-09-01,B,ad28,58.34,4398,102,5,243.26
2026-09-01,E,ad2,69.12,6269,154,2,66.64
2026-09-01,D,ad29,82.99,6516,118,0,263.1
2026-09-01,C,ad13,68.13,6893,137,1,176.64
2026-09-01,C,ad15,47.18,4252,132,4,119.04
2026-09-01,C,ad32,56.58,8163,128,4,152.15
2026-09-01,E,ad23,42.86,5938,122,1,4.38
2026-09-01,A,ad29,59.83,3503,174,0,267.44
2026-09-01,C,ad7,5.21,8524,25,2,93.5
2026-09-01,D,ad30,53.29,7369,166,2,180.84
2026-09-01,C,ad12,7.26,1228,29,3,138.87
2026-09-01,E,ad19,15.42,8414,86,4,7.77
2026-09-01,E,ad32,85.4,3013,156,2,109.41
2026-09-01,E,ad28,67.64,8912,186,3,154.93
2026-09-01,C,ad34,22.31,7266,95,0,32.15
2026-09-01,E,ad12,75.98,2166,30,2,135.68
2026-09-01,A,ad27,50.2,6009,152,4,173.95
2026-09-01,D,ad34,17.81,3249,90,1,261.21
2026-09-01,B,ad13,93.32,2537,25,5,264.29
2026-09-01,B,ad31,15.72,4397,46,0,292.38
2026-09-01,D,ad1,6.88,4609,175,4,255.27
2026-09-01,D,ad37,29.38,4046,80,0,73.77
2026-09-01,E,ad27,13.25,6378,142,1,182.83
2026-09-02,B,ad30,6.59,8499,153,1,198.39
2026-09-02,E,ad29,67.06,2750,184,2,82.86
2026-09-02,E,ad29,17.54,1201,173,2,140.01
2026-09-02,B,ad13,58.57,7954,76,4,58.6
2026-09-02,A,ad7,28.05,8171,28,2,15.27
2026-09-02,D,ad15,94.36,8738,120,0,34.88
2026-09-02,E,ad22,25.51,1678,149,3,141.89
2026-09-02,C,ad14,54.46,4673,46,0,146.21
2026-09-02,A,ad3,74.82,8500,55,0,98.74
2026-09-02,A,ad7,34.56,8959,64,5,270.64
2026-09-02,B,ad36,84.02,8370,131,2,157.46
2026-09-02,D,ad38,34.83,2787,29,5,263.56
2026-09-02,B,ad31,41.85,4858,17,4,91.25
2026-09-02,A,ad11,45.89,2528,121,2,220.18
2026-09-02,D,ad21,44.79,2393,114,4,64.22
2026-09-02,D,ad2,62.75,5351,61,2,244.59
2026-09-02,A,ad33,26.49,2531,49,3,10.72
2026-09-02,C,ad20,36.28,1550,47,0,221.4
2026-09-02,B,ad34,26.75,3075,187,4,109.11
2026-09-02,C,ad9,31.31,6981,161,1,55.26
2026-09-02,A,ad14,77.46,7791,88,0,59.44
2026-09-02,D,ad25,64.78,7262,149,2,44.51
2026-09-02,B,ad26,96.46,5325,51,2,94.27
2026-09-02,C,ad6,95.26,7778,133,5,185.66
2026-09-02,C,ad5,24.48,7998,131,3,167.61
2026-09-02,D,ad24,24.94,8613,125,2,105.44
2026-09-02,A,ad1,91.23,7037,149,5,288.18
2026-09-02,B,ad31,18.2,4040,183,5,227.14
2026-09-02,D,ad30,77.31,8741,161,1,289.95
2026-09-02,D,ad12,23.22,8969,64,2,278.62
2026-09-02,B,ad8,18.59,6291,99,1,162.86
2026-09-02,A,ad3,46.73,4189,57,3,277.78
2026-09-02,D,ad16,69.99,2360,141,2,233.9
2026-09-02,C,ad33,85.2,8007,111,2,276.49
2026-09-02,D,ad19,24.77,5375,181,4,239.66
2026-09-02,A,ad4,14.47,8004,59,2,45.29
2026-09-02,C,ad37,80.31,6914,98,3,287.9
2026-09-02,E,ad2,47.85,5715,61,2,78.92
2026-09-02,E,ad31,62.91,3863,195,4,131.99
2026-09-02,B,ad32,60.5,3053,199,4,259.57
2026-09-02,D,ad21,77.28,8998,196,1,107.03
2026-09-02,A,ad2,99.01,6587,63,2,47.78
2026-09-02,E,ad32,66.57,2738,82,4,66.45
2026-09-02,B,ad4,39.7,3692,38,1,264.81
2026-09-02,B,ad9,21.61,8413,20,5,294.2
2026-09-02,E,ad39,14.77,6384,150,1,83.6
2026-09-02,C,ad3,70.7,4919,41,3,72.91
2026-09-02,E,ad4,29.23,1254,184,4,91.59
2026-09-02,A,ad10,31.37,7758,76,1,187.64
2026-09-02,D,ad26,47.12,3011,88,4,142.36
2026-09-02,E,ad23,55.12,5262,188,5,47.59
2026-09-02,A,ad8,44.53,2409,89,3,298.18
2026-09-02,B,ad13,95.79,5404,127,3,11.76
2026-09-02,A,ad37,33.32,2957,198,0,151.19
2026-09-02,B,ad39,62.19,6657,199,5,135.24
2026-09-02,B,ad39,6.54,8507,138,3,161.51
2026-09-02,A,ad22,11.06,5192,45,2,256.16
2026-09-02,E,ad28,23.9,6930,87,3,165.36
2026-09-02,B,ad22,31.73,4587,50,3,139.68
2026-09-02,E,ad23,49.3,3273,180,4,7.49
2026-09-02,D,ad29,59.55,1950,40,0,75.0
2026-09-02,A,ad24,20.76,7980,67,1,135.48
2026-09-02,D,ad20,59.97,6381,47,1,50.56
2026-09-02,D,ad13,12.77,8528,126,0,70.01
2026-09-02,A,ad6,42.27,8680,85,1,233.6
2026-09-02,A,ad35,80.82,4061,123,4,171.46
2026-09-02,B,ad8,50.12,8541,138,5,11.7
2026-09-02,A,ad25,68.28,1509,11,3,165.76
2026-09-02,C,ad18,26.24,1375,76,4,84.14
2026-09-02,C,ad12,72.21,1241,130,3,120.28
2026-09-02,D,ad10,98.51,4493,194,0,279.49
2026-09-02,C,ad26,66.84,2330,184,3,27.46
2026-09-02,C,ad8,98.15,5765,156,3,258.05
2026-09-02,B,ad5,84.22,6275,198,5,225.31
2026-09-02,C,ad14,77.98,1789,178,2,299.67
2026-09-02,C,ad29,50.52,2943,87,5,212.34
2026-09-02,E,ad32,59.54,6685,29,4,233.01
2026-09-02,D,ad17,28.48,5465,57,5,75.45
2026-09-02,D,ad34,88.08,4466,62,1,273.63
2026-09-02,C,ad4,6.28,6222,134,0,264.88
2026-09-02,B,ad10,80.75,2038,33,2,175.58
2026-09-02,B,ad4,94.3,3581,109,1,178.89
2026-09-02,C,ad7,36.52,2701,168,1,49.54
2026-09-02,C,ad34,81.0,5233,100,0,164.53
2026-09-02,B,ad1,45.78,1146,161,4,289.98
2026-09-02,A,ad2,86.41,5990,137,4,42.88
2026-09-02,A,ad0,64.76,2840,109,2,5.53
2026-09-02,A,ad38,10.3,7060,194,0,180.88
2026-09-02,B,ad14,40.69,6604,164,1,146.29
2026-09-02,C,ad21,6.83,1964,51,4,49.78
2026-09-02,B,ad7,76.19,4947,59,2,139.97
2026-09-02,A,ad14,87.73,1455,39,0,230.84
2026-09-02,B,ad20,99.63,2870,168,2,288.95
2026-09-02,D,ad14,55.0,8023,63,0,209.58
2026-09-02,B,ad5,42.17,3022,23,5,230.9
2026-09-02,E,ad7,54.83,3596,173,3,117.31
2026-09-02,C,ad25,47.13,4786,76,1,149.8
2026-09-02,A,ad1,32.85,3977,67,0,210.85
2026-09-02,E,ad22,91.47,6866,107,0,285.76
2026-09-02,E,ad16,42.45,3910,104,2,103.16
2026-09-02,D,ad36,90.09,8826,174,1,15.4
2026-09-02,A,ad19,58.82,1252,14,5,73.62
2026-09-02,D,ad32,85.46,4989,79,0,293.43
2026-09-02,D,ad5,68.23,7030,167,0,170.97
2026-09-02,D,ad4,49.58,4546,147,0,50.7
2026-09-02,D,ad31,73.05,2106,54,4,173.86
2026-09-02,C,ad21,73.92,4033,81,2,160.37
2026-09-02,B,ad9,87.59,6674,44,4,255.55
2026-09-02,E,ad14,48.78,7572,103,4,161.64
2026-09-02,E,ad37,55.31,6838,71,3,271.29
2026-09-02,D,ad1,77.6,5609,72,4,38.42
2026-09-02,B,ad12,53.9,4360,177,0,265.06
2026-09-02,C,ad22,63.93,8326,127,5,71.7
2026-09-02,C,ad19,27.37,7417,170,0,226.06
2026-09-02,A,ad39,97.73,5385,10,5,33.95
2026-09-02,A,ad16,65.42,1306,110,2,160.06
2026-09-02,C,ad5,66.8,2591,117,5,43.04
2026-09-02,C,ad4,75.79,4811,57,5,202.33
2026-09-02,B,ad0,79.83,1840,80,1,185.81
2026-09-02,B,ad4,14.11,8376,78,2,184.93
2026-09-02,A,ad7,40.16,5304,167,1,175.14
2026-09-02,E,ad8,61.87,8041,25,3,7.63
2026-09-02,C,ad17,99.45,2525,81,0,50.85
2026-09-02,B,ad18,54.06,8412,102,1,14.52
2026-09-02,D,ad10,5.24,6588,180,2,96.21
2026-09-02,E,ad24,97.17,5043,136,1,165.6
2026-09-02,B,ad27,57.27,7264,189,2,102.96
2026-09-02,E,ad38,11.18,4662,64,3,35.33
2026-09-02,D,ad10,37.76,7219,67,1,253.08
2026-09-02,D,ad30,96.09,5172,148,5,279.42
2026-09-02,C,ad34,36.47,4249,114,5,234.37
2026-09-02,E,ad12,57.78,3083,132,5,57.56
2026-09-02,A,ad5,36.06,5406,17,2,263.08
