Month,Campaign name,Ad set name,Ad name,Amount spent (USD),Impressions,Reach,Leads,Messaging conversations started
2025-01-01,2025-Q1 Leads,Set 0,Ad 0 comparison vs,1413.69,159026,52100,350,105
2025-01-01,2025-Q1 Leads,Set 1,Ad 1 walkthrough demo,1010.13,112039,35505,208,62
2025-01-01,2025-Q1 Leads,Set 2,Ad 2 masterclass live,1033.31,104623,38575,199,59
2025-01-01,2025-Q1 Leads,Set 0,Ad 3 authority photo,1180.87,120679,43395,232,69
2025-01-01,2025-Q1 Leads,Set 1,Ad 4 free template download,933.28,84485,31480,162,48
2025-01-01,2025-Q1 Leads,Set 2,Ad 5 promo offer,1419.95,146793,55655,214,64
2025-01-01,2025-Q1 Leads,Set 0,Ad 6 comparison vs,1169.63,122626,45856,186,55
2025-01-01,2025-Q1 Leads,Set 1,Ad 7 walkthrough demo,1018.84,103979,33669,197,59
2025-01-01,2025-Q1 Leads,Set 2,Ad 8 masterclass live,1068.97,110918,34917,166,49
2025-01-01,2025-Q1 Leads,Set 0,Ad 9 authority photo,1215.96,125379,45405,260,78
2025-01-01,2025-Q1 Leads,Set 1,Ad 10 free template download,823.77,92930,29639,203,60
2025-01-01,2025-Q1 Leads,Set 2,Ad 11 promo offer,1221.83,121147,38271,191,57
2025-02-01,2025-Q1 Leads,Set 0,Ad 0 comparison vs,1465.29,152708,57531,245,73
2025-02-01,2025-Q1 Leads,Set 1,Ad 1 walkthrough demo,1077.15,124679,46297,186,55
2025-02-01,2025-Q1 Leads,Set 2,Ad 2 masterclass live,927.11,94782,31308,201,60
2025-02-01,2025-Q1 Leads,Set 0,Ad 3 authority photo,1350.67,121843,40278,324,97
2025-02-01,2025-Q1 Leads,Set 1,Ad 4 free template download,1249.15,138887,52442,309,92
2025-02-01,2025-Q1 Leads,Set 2,Ad 5 promo offer,915.87,85474,27659,145,43
2025-02-01,2025-Q1 Leads,Set 0,Ad 6 comparison vs,889.15,104715,34165,198,59
2025-02-01,2025-Q1 Leads,Set 1,Ad 7 walkthrough demo,1168.18,120786,44851,169,50
2025-02-01,2025-Q1 Leads,Set 2,Ad 8 masterclass live,1071.72,112245,41079,194,58
2025-02-01,2025-Q1 Leads,Set 0,Ad 9 authority photo,1307.28,135920,43411,245,73
2025-02-01,2025-Q1 Leads,Set 1,Ad 10 free template download,1098.04,119737,39941,217,65
2025-02-01,2025-Q1 Leads,Set 2,Ad 11 promo offer,1480.76,135306,49533,317,95
2025-03-01,2025-Q1 Leads,Set 0,Ad 0 comparison vs,1342.56,136543,43598,256,76
2025-03-01,2025-Q1 Leads,Set 1,Ad 1 walkthrough demo,1595.06,172912,54207,345,103
2025-03-01,2025-Q1 Leads,Set 2,Ad 2 masterclass live,1082.25,118691,39656,170,51
2025-03-01,2025-Q1 Leads,Set 0,Ad 3 authority photo,1518.16,147182,52980,220,66
2025-03-01,2025-Q1 Leads,Set 1,Ad 4 free template download,1224.03,119010,42681,225,67
2025-03-01,2025-Q1 Leads,Set 2,Ad 5 promo offer,988.98,110537,40159,236,70
2025-03-01,2025-Q1 Leads,Set 0,Ad 6 comparison vs,1017.52,93204,34786,216,64
2025-03-01,2025-Q1 Leads,Set 1,Ad 7 walkthrough demo,916.87,89155,32214,146,43
2025-03-01,2025-Q1 Leads,Set 2,Ad 8 masterclass live,1345.3,138595,46772,256,76
2025-03-01,2025-Q1 Leads,Set 0,Ad 9 authority photo,1271.4,135482,45807,301,90
2025-03-01,2025-Q1 Leads,Set 1,Ad 10 free template download,1230.4,140651,46892,216,64
2025-03-01,2025-Q1 Leads,Set 2,Ad 11 promo offer,1381.91,135057,45193,278,83
2025-04-01,2025-Q2 Leads,Set 0,Ad 0 comparison vs,1423.93,135024,49216,282,84
2025-04-01,2025-Q2 Leads,Set 1,Ad 1 walkthrough demo,1355.8,146589,46459,217,65
2025-04-01,2025-Q2 Leads,Set 2,Ad 2 masterclass live,1516.08,178877,61419,234,70
2025-04-01,2025-Q2 Leads,Set 0,Ad 3 authority photo,1459.85,162351,57783,226,67
2025-04-01,2025-Q2 Leads,Set 1,Ad 4 free template download,1289.31,119840,41837,238,71
2025-04-01,2025-Q2 Leads,Set 2,Ad 5 promo offer,1541.57,155608,54545,337,101
2025-04-01,2025-Q2 Leads,Set 0,Ad 6 comparison vs,1024.79,116556,43167,216,64
2025-04-01,2025-Q2 Leads,Set 1,Ad 7 walkthrough demo,1249.86,130648,43167,273,81
2025-04-01,2025-Q2 Leads,Set 2,Ad 8 masterclass live,1232.21,118728,44540,201,60
2025-04-01,2025-Q2 Leads,Set 0,Ad 9 authority photo,904.07,105531,36882,150,45
2025-04-01,2025-Q2 Leads,Set 1,Ad 10 free template download,1163.36,128774,42727,255,76
2025-04-01,2025-Q2 Leads,Set 2,Ad 11 promo offer,901.56,83567,31870,132,39
2025-05-01,2025-Q2 Leads,Set 0,Ad 0 comparison vs,1075.22,105046,36999,167,50
2025-05-01,2025-Q2 Leads,Set 1,Ad 1 walkthrough demo,1453.01,151522,51369,208,62
2025-05-01,2025-Q2 Leads,Set 2,Ad 2 masterclass live,1484.74,158219,56287,248,74
2025-05-01,2025-Q2 Leads,Set 0,Ad 3 authority photo,1398.96,166105,52495,214,64
2025-05-01,2025-Q2 Leads,Set 1,Ad 4 free template download,1399.81,150621,49517,326,97
2025-05-01,2025-Q2 Leads,Set 2,Ad 5 promo offer,1135.46,118047,39807,218,65
2025-05-01,2025-Q2 Leads,Set 0,Ad 6 comparison vs,1278.55,152600,58140,275,82
2025-05-01,2025-Q2 Leads,Set 1,Ad 7 walkthrough demo,1120.81,107036,40837,263,78
2025-05-01,2025-Q2 Leads,Set 2,Ad 8 masterclass live,902.48,98689,35528,150,45
2025-05-01,2025-Q2 Leads,Set 0,Ad 9 authority photo,1540.92,171277,60654,295,88
2025-05-01,2025-Q2 Leads,Set 1,Ad 10 free template download,1024.02,99318,33315,174,52
2025-05-01,2025-Q2 Leads,Set 2,Ad 11 promo offer,914.69,106834,39169,204,61
2025-06-01,2025-Q2 Leads,Set 0,Ad 0 comparison vs,1068.02,116485,42608,190,57
2025-06-01,2025-Q2 Leads,Set 1,Ad 1 walkthrough demo,1145.75,129226,49203,198,59
2025-06-01,2025-Q2 Leads,Set 2,Ad 2 masterclass live,991.83,113688,35745,227,68
2025-06-01,2025-Q2 Leads,Set 0,Ad 3 authority photo,1269.85,135870,47916,214,64
2025-06-01,2025-Q2 Leads,Set 1,Ad 4 free template download,1032.02,110812,37348,170,51
2025-06-01,2025-Q2 Leads,Set 2,Ad 5 promo offer,962.47,111965,35480,149,44
2025-06-01,2025-Q2 Leads,Set 0,Ad 6 comparison vs,800.32,87576,29154,167,50
2025-06-01,2025-Q2 Leads,Set 1,Ad 7 walkthrough demo,1594.55,187089,59579,329,98
2025-06-01,2025-Q2 Leads,Set 2,Ad 8 masterclass live,1323.56,134528,42242,318,95
2025-06-01,2025-Q2 Leads,Set 0,Ad 9 authority photo,1509.02,142619,49463,259,77
2025-06-01,2025-Q2 Leads,Set 1,Ad 10 free template download,1502.61,142636,44730,324,97
2025-06-01,2025-Q2 Leads,Set 2,Ad 11 promo offer,806.22,78260,26124,156,46
2025-07-01,2025-Q3 Leads,Set 0,Ad 0 comparison vs,896.66,99836,33456,137,41
2025-07-01,2025-Q3 Leads,Set 1,Ad 1 walkthrough demo,1136.53,134253,43738,185,55
2025-07-01,2025-Q3 Leads,Set 2,Ad 2 masterclass live,1491.38,134321,49399,346,103
2025-07-01,2025-Q3 Leads,Set 0,Ad 3 authority photo,1486.32,162401,57396,276,82
2025-07-01,2025-Q3 Leads,Set 1,Ad 4 free template download,1004.59,96555,34020,240,72
2025-07-01,2025-Q3 Leads,Set 2,Ad 5 promo offer,1512.84,179392,67021,220,66
2025-07-01,2025-Q3 Leads,Set 0,Ad 6 comparison vs,1472.62,155772,58512,268,80
2025-07-01,2025-Q3 Leads,Set 1,Ad 7 walkthrough demo,847.52,93666,35743,134,40
2025-07-01,2025-Q3 Leads,Set 2,Ad 8 masterclass live,1494.87,151962,51694,259,77
2025-07-01,2025-Q3 Leads,Set 0,Ad 9 authority photo,1263.43,123591,46200,254,76
2025-07-01,2025-Q3 Leads,Set 1,Ad 10 free template download,1132.21,116967,44976,175,52
2025-07-01,2025-Q3 Leads,Set 2,Ad 11 promo offer,1467.18,142438,46938,294,88
2025-08-01,2025-Q3 Leads,Set 0,Ad 0 comparison vs,1345.23,140439,45289,316,94
2025-08-01,2025-Q3 Leads,Set 1,Ad 1 walkthrough demo,1443.65,148234,46584,250,75
2025-08-01,2025-Q3 Leads,Set 2,Ad 2 masterclass live,1280.1,131367,46971,288,86
2025-08-01,2025-Q3 Leads,Set 0,Ad 3 authority photo,1201.67,124524,47052,220,66
2025-08-01,2025-Q3 Leads,Set 1,Ad 4 free template download,1377.46,155596,51909,234,70
2025-08-01,2025-Q3 Leads,Set 2,Ad 5 promo offer,1367.26,139047,49406,233,69
2025-08-01,2025-Q3 Leads,Set 0,Ad 6 comparison vs,1387.56,129430,48550,274,82
2025-08-01,2025-Q3 Leads,Set 1,Ad 7 walkthrough demo,1004.02,95314,35563,148,44
2025-08-01,2025-Q3 Leads,Set 2,Ad 8 masterclass live,1045.06,100912,31737,185,55
2025-08-01,2025-Q3 Leads,Set 0,Ad 9 authority photo,831.73,75325,23568,175,52
2025-08-01,2025-Q3 Leads,Set 1,Ad 10 free template download,1393.04,143195,52938,337,101
2025-08-01,2025-Q3 Leads,Set 2,Ad 11 promo offer,928.36,100111,34313,223,66
2025-09-01,2025-Q3 Leads,Set 0,Ad 0 comparison vs,1179.37,137020,48291,233,69
2025-09-01,2025-Q3 Leads,Set 1,Ad 1 walkthrough demo,1402.57,162216,56738,210,63
2025-09-01,2025-Q3 Leads,Set 2,Ad 2 masterclass live,1385.8,140655,45982,252,75
2025-09-01,2025-Q3 Leads,Set 0,Ad 3 authority photo,1513.9,149035,50414,235,70
2025-09-01,2025-Q3 Leads,Set 1,Ad 4 free template download,915.62,86018,27902,145,43
2025-09-01,2025-Q3 Leads,Set 2,Ad 5 promo offer,1116.92,102054,35060,263,78
2025-09-01,2025-Q3 Leads,Set 0,Ad 6 comparison vs,1211.81,145126,45529,253,75
2025-09-01,2025-Q3 Leads,Set 1,Ad 7 walkthrough demo,1582.2,146711,55453,329,98
2025-09-01,2025-Q3 Leads,Set 2,Ad 8 masterclass live,1496.73,176391,67654,234,70
2025-09-01,2025-Q3 Leads,Set 0,Ad 9 authority photo,1410.42,134879,44177,259,77
2025-09-01,2025-Q3 Leads,Set 1,Ad 10 free template download,1075.83,115467,41873,249,74
2025-09-01,2025-Q3 Leads,Set 2,Ad 11 promo offer,1062.84,111730,40695,217,65
2025-10-01,2025-Q4 Leads,Set 0,Ad 0 comparison vs,1248.19,127891,46148,185,55
2025-10-01,2025-Q4 Leads,Set 1,Ad 1 walkthrough demo,1214.77,121756,39333,302,90
2025-10-01,2025-Q4 Leads,Set 2,Ad 2 masterclass live,1334.02,122007,46492,217,65
2025-10-01,2025-Q4 Leads,Set 0,Ad 3 authority photo,1590.37,153682,48615,392,117
2025-10-01,2025-Q4 Leads,Set 1,Ad 4 free template download,1343.72,131755,43229,324,97
2025-10-01,2025-Q4 Leads,Set 2,Ad 5 promo offer,1351.81,135779,46837,217,65
2025-10-01,2025-Q4 Leads,Set 0,Ad 6 comparison vs,1033.64,104440,32674,172,51
2025-10-01,2025-Q4 Leads,Set 1,Ad 7 walkthrough demo,1292.3,120375,42016,234,70
2025-10-01,2025-Q4 Leads,Set 2,Ad 8 masterclass live,895.22,99171,32809,142,42
2025-10-01,2025-Q4 Leads,Set 0,Ad 9 authority photo,863.27,78014,26053,130,39
2025-10-01,2025-Q4 Leads,Set 1,Ad 10 free template download,1350.05,146077,54892,266,79
2025-10-01,2025-Q4 Leads,Set 2,Ad 11 promo offer,1048.3,98304,36751,156,46
2025-11-01,2025-Q4 Leads,Set 0,Ad 0 comparison vs,1246.92,145030,46519,226,67
2025-11-01,2025-Q4 Leads,Set 1,Ad 1 walkthrough demo,1054.46,125466,43434,251,75
2025-11-01,2025-Q4 Leads,Set 2,Ad 2 masterclass live,934.37,105394,38736,169,50
2025-11-01,2025-Q4 Leads,Set 0,Ad 3 authority photo,800.07,84308,30158,136,40
2025-11-01,2025-Q4 Leads,Set 1,Ad 4 free template download,1326.68,148965,49628,258,77
2025-11-01,2025-Q4 Leads,Set 2,Ad 5 promo offer,1112.3,126689,40872,246,73
2025-11-01,2025-Q4 Leads,Set 0,Ad 6 comparison vs,1084.09,123065,44981,234,70
2025-11-01,2025-Q4 Leads,Set 1,Ad 7 walkthrough demo,1591.16,174670,64118,312,93
2025-11-01,2025-Q4 Leads,Set 2,Ad 8 masterclass live,1581.15,185416,64425,227,68
2025-11-01,2025-Q4 Leads,Set 0,Ad 9 authority photo,1248.18,121027,38582,282,84
2025-11-01,2025-Q4 Leads,Set 1,Ad 10 free template download,1126.36,110908,37556,167,50
2025-11-01,2025-Q4 Leads,Set 2,Ad 11 promo offer,1226.83,130631,41921,190,57
2025-12-01,2025-Q4 Leads,Set 0,Ad 0 comparison vs,1528.58,144612,46748,380,114
2025-12-01,2025-Q4 Leads,Set 1,Ad 1 walkthrough demo,1121.42,111959,40825,267,80
2025-12-01,2025-Q4 Leads,Set 2,Ad 2 masterclass live,1476.63,147077,51309,321,96
2025-12-01,2025-Q4 Leads,Set 0,Ad 3 authority photo,935.79,88320,31491,221,66
2025-12-01,2025-Q4 Leads,Set 1,Ad 4 free template download,907.28,96792,34620,139,41
2025-12-01,2025-Q4 Leads,Set 2,Ad 5 promo offer,1205.97,119658,41373,176,52
2025-12-01,2025-Q4 Leads,Set 0,Ad 6 comparison vs,1050.09,122969,46067,172,51
2025-12-01,2025-Q4 Leads,Set 1,Ad 7 walkthrough demo,889.27,80363,27622,139,41
2025-12-01,2025-Q4 Leads,Set 2,Ad 8 masterclass live,1496.86,142307,45057,244,73
2025-12-01,2025-Q4 Leads,Set 0,Ad 9 authority photo,1233.95,142544,45677,219,65
2025-12-01,2025-Q4 Leads,Set 1,Ad 10 free template download,1598.38,181533,67605,334,100
2025-12-01,2025-Q4 Leads,Set 2,Ad 11 promo offer,1591.49,175017,61928,271,81
2026-01-01,2026-Q1 Leads,Set 0,Ad 0 comparison vs,1431.11,141064,50549,311,93
2026-01-01,2026-Q1 Leads,Set 1,Ad 1 walkthrough demo,1322.43,134821,50261,256,76
2026-01-01,2026-Q1 Leads,Set 2,Ad 2 masterclass live,1040.75,101259,36687,196,58
2026-01-01,2026-Q1 Leads,Set 0,Ad 3 authority photo,867.49,87250,32291,143,42
2026-01-01,2026-Q1 Leads,Set 1,Ad 4 free template download,1554.27,173740,62012,267,80
2026-01-01,2026-Q1 Leads,Set 2,Ad 5 promo offer,1004.1,103180,39000,166,49
2026-01-01,2026-Q1 Leads,Set 0,Ad 6 comparison vs,980.53,117033,42718,177,53
2026-01-01,2026-Q1 Leads,Set 1,Ad 7 walkthrough demo,1532.37,157004,59821,345,103
2026-01-01,2026-Q1 Leads,Set 2,Ad 8 masterclass live,1052.88,105543,35498,153,45
2026-01-01,2026-Q1 Leads,Set 0,Ad 9 authority photo,1260.13,126456,46336,201,60
2026-01-01,2026-Q1 Leads,Set 1,Ad 10 free template download,1557.76,152022,56042,246,73
2026-01-01,2026-Q1 Leads,Set 2,Ad 11 promo offer,1320.9,147465,48004,192,57
2026-02-01,2026-Q1 Leads,Set 0,Ad 0 comparison vs,1386.44,164054,60606,202,60
2026-02-01,2026-Q1 Leads,Set 1,Ad 1 walkthrough demo,1119.75,108564,38914,178,53
2026-02-01,2026-Q1 Leads,Set 2,Ad 2 masterclass live,1129.48,106524,35000,166,49
2026-02-01,2026-Q1 Leads,Set 0,Ad 3 authority photo,998.98,116435,39554,152,45
2026-02-01,2026-Q1 Leads,Set 1,Ad 4 free template download,1064.23,125919,43468,169,50
2026-02-01,2026-Q1 Leads,Set 2,Ad 5 promo offer,894.03,82187,29514,181,54
2026-02-01,2026-Q1 Leads,Set 0,Ad 6 comparison vs,1146.99,132026,48593,258,77
2026-02-01,2026-Q1 Leads,Set 1,Ad 7 walkthrough demo,1156.28,126164,41512,206,61
2026-02-01,2026-Q1 Leads,Set 2,Ad 8 masterclass live,920.25,84628,31790,146,43
2026-02-01,2026-Q1 Leads,Set 0,Ad 9 authority photo,1503.42,179413,63764,272,81
2026-02-01,2026-Q1 Leads,Set 1,Ad 10 free template download,1066.07,119920,38389,240,72
2026-02-01,2026-Q1 Leads,Set 2,Ad 11 promo offer,861.36,86407,30103,208,62
2026-03-01,2026-Q1 Leads,Set 0,Ad 0 comparison vs,1342.22,136299,42968,316,94
2026-03-01,2026-Q1 Leads,Set 1,Ad 1 walkthrough demo,1472.99,151264,58106,346,103
2026-03-01,2026-Q1 Leads,Set 2,Ad 2 masterclass live,1438.01,146680,54200,351,105
2026-03-01,2026-Q1 Leads,Set 0,Ad 3 authority photo,915.34,93675,35263,159,47
2026-03-01,2026-Q1 Leads,Set 1,Ad 4 free template download,965.5,105608,40347,190,57
2026-03-01,2026-Q1 Leads,Set 2,Ad 5 promo offer,1512.76,173995,58115,285,85
2026-03-01,2026-Q1 Leads,Set 0,Ad 6 comparison vs,813.22,77772,26741,158,47
2026-03-01,2026-Q1 Leads,Set 1,Ad 7 walkthrough demo,1416.26,167872,55073,240,72
2026-03-01,2026-Q1 Leads,Set 2,Ad 8 masterclass live,1121.26,133918,51196,195,58
2026-03-01,2026-Q1 Leads,Set 0,Ad 9 authority photo,1357.26,123002,38911,323,96
2026-03-01,2026-Q1 Leads,Set 1,Ad 10 free template download,1456.69,140831,48706,290,87
2026-03-01,2026-Q1 Leads,Set 2,Ad 11 promo offer,1389.44,149610,48279,333,99
2026-04-01,2026-Q2 Leads,Set 0,Ad 0 comparison vs,1127.64,127846,41413,247,74
2026-04-01,2026-Q2 Leads,Set 1,Ad 1 walkthrough demo,916.75,86503,27737,166,49
2026-04-01,2026-Q2 Leads,Set 2,Ad 2 masterclass live,1107.58,112767,41292,159,47
2026-04-01,2026-Q2 Leads,Set 0,Ad 3 authority photo,1225.8,136718,43753,229,68
2026-04-01,2026-Q2 Leads,Set 1,Ad 4 free template download,933.12,109277,34194,134,40
2026-04-01,2026-Q2 Leads,Set 2,Ad 5 promo offer,1140.43,117850,40819,245,73
2026-04-01,2026-Q2 Leads,Set 0,Ad 6 comparison vs,984.06,104438,37659,198,59
2026-04-01,2026-Q2 Leads,Set 1,Ad 7 walkthrough demo,1246.98,114193,36062,218,65
2026-04-01,2026-Q2 Leads,Set 2,Ad 8 masterclass live,1464.76,153471,50468,315,94
2026-04-01,2026-Q2 Leads,Set 0,Ad 9 authority photo,944.46,88685,29150,229,68
2026-04-01,2026-Q2 Leads,Set 1,Ad 10 free template download,1512.31,156138,59033,268,80
2026-04-01,2026-Q2 Leads,Set 2,Ad 11 promo offer,808.46,73634,23434,137,41
2026-05-01,2026-Q2 Leads,Set 0,Ad 0 comparison vs,1037.63,104652,37752,212,63
2026-05-01,2026-Q2 Leads,Set 1,Ad 1 walkthrough demo,880.09,87831,27705,190,57
2026-05-01,2026-Q2 Leads,Set 2,Ad 2 masterclass live,1183.78,122067,40223,178,53
2026-05-01,2026-Q2 Leads,Set 0,Ad 3 authority photo,841.16,92987,30384,120,36
2026-05-01,2026-Q2 Leads,Set 1,Ad 4 free template download,1177.58,135001,45616,176,52
2026-05-01,2026-Q2 Leads,Set 2,Ad 5 promo offer,849.39,80224,25977,122,36
2026-05-01,2026-Q2 Leads,Set 0,Ad 6 comparison vs,1102.69,130157,44308,173,51
2026-05-01,2026-Q2 Leads,Set 1,Ad 7 walkthrough demo,1318.49,135844,49704,202,60
2026-05-01,2026-Q2 Leads,Set 2,Ad 8 masterclass live,1245.91,123321,39363,227,68
2026-05-01,2026-Q2 Leads,Set 0,Ad 9 authority photo,1506.68,144635,48767,222,66
2026-05-01,2026-Q2 Leads,Set 1,Ad 10 free template download,1551.24,181323,60728,283,84
2026-05-01,2026-Q2 Leads,Set 2,Ad 11 promo offer,1150.51,129533,48529,199,59
2026-06-01,2026-Q2 Leads,Set 0,Ad 0 comparison vs,858.1,90972,34610,160,48
2026-06-01,2026-Q2 Leads,Set 1,Ad 1 walkthrough demo,1315.35,149643,52505,253,75
2026-06-01,2026-Q2 Leads,Set 2,Ad 2 masterclass live,812.05,85065,27528,148,44
2026-06-01,2026-Q2 Leads,Set 0,Ad 3 authority photo,1196.08,113124,37161,262,78
2026-06-01,2026-Q2 Leads,Set 1,Ad 4 free template download,1360.65,154088,52940,202,60
2026-06-01,2026-Q2 Leads,Set 2,Ad 5 promo offer,1503.37,137391,47869,287,86
2026-06-01,2026-Q2 Leads,Set 0,Ad 6 comparison vs,1205.39,109993,36405,255,76
2026-06-01,2026-Q2 Leads,Set 1,Ad 7 walkthrough demo,1568.65,166569,63269,252,75
2026-06-01,2026-Q2 Leads,Set 2,Ad 8 masterclass live,908.78,82943,28089,209,62
2026-06-01,2026-Q2 Leads,Set 0,Ad 9 authority photo,1203.53,126346,43591,228,68
2026-06-01,2026-Q2 Leads,Set 1,Ad 10 free template download,1003.37,109911,35231,165,49
2026-06-01,2026-Q2 Leads,Set 2,Ad 11 promo offer,1371.42,150205,50196,229,68
2026-07-01,2026-Q3 Leads,Set 0,Ad 0 comparison vs,1251.69,141624,47952,202,60
2026-07-01,2026-Q3 Leads,Set 1,Ad 1 walkthrough demo,1480.74,154397,59162,241,72
2026-07-01,2026-Q3 Leads,Set 2,Ad 2 masterclass live,1386.1,154279,51207,332,99
2026-07-01,2026-Q3 Leads,Set 0,Ad 3 authority photo,1265.92,139456,48662,239,71
2026-07-01,2026-Q3 Leads,Set 1,Ad 4 free template download,1532.56,161650,61036,222,66
2026-07-01,2026-Q3 Leads,Set 2,Ad 5 promo offer,997.99,115636,38022,148,44
2026-07-01,2026-Q3 Leads,Set 0,Ad 6 comparison vs,1332.83,136721,50527,266,79
2026-07-01,2026-Q3 Leads,Set 1,Ad 7 walkthrough demo,1441.64,141145,45120,212,63
2026-07-01,2026-Q3 Leads,Set 2,Ad 8 masterclass live,1431.58,143273,49509,281,84
2026-07-01,2026-Q3 Leads,Set 0,Ad 9 authority photo,1375.87,146636,55307,286,85
2026-07-01,2026-Q3 Leads,Set 1,Ad 10 free template download,984.71,97074,30354,205,61
2026-07-01,2026-Q3 Leads,Set 2,Ad 11 promo offer,1120.98,105319,39862,197,59
2026-08-01,2026-Q3 Leads,Set 0,Ad 0 comparison vs,1335.13,143762,53650,240,72
2026-08-01,2026-Q3 Leads,Set 1,Ad 1 walkthrough demo,966.64,104588,33606,162,48
2026-08-01,2026-Q3 Leads,Set 2,Ad 2 masterclass live,818.57,88820,33847,204,61
2026-08-01,2026-Q3 Leads,Set 0,Ad 3 authority photo,828.01,92235,33128,134,40
2026-08-01,2026-Q3 Leads,Set 1,Ad 4 free template download,1327.27,146402,55800,222,66
2026-08-01,2026-Q3 Leads,Set 2,Ad 5 promo offer,1086.36,121752,41255,162,48
2026-08-01,2026-Q3 Leads,Set 0,Ad 6 comparison vs,1397.41,138806,49858,273,81
2026-08-01,2026-Q3 Leads,Set 1,Ad 7 walkthrough demo,1269.35,127495,48017,238,71
2026-08-01,2026-Q3 Leads,Set 2,Ad 8 masterclass live,1323.22,147030,46407,272,81
2026-08-01,2026-Q3 Leads,Set 0,Ad 9 authority photo,1098.14,124391,39173,228,68
2026-08-01,2026-Q3 Leads,Set 1,Ad 10 free template download,1424.8,140885,53106,325,97
2026-08-01,2026-Q3 Leads,Set 2,Ad 11 promo offer,1161.5,112126,39878,193,57
2026-09-01,2026-Q3 Leads,Set 0,Ad 0 comparison vs,1424.1,150971,36057,209,62
2026-09-01,2026-Q3 Leads,Set 1,Ad 1 walkthrough demo,1011.83,104160,28521,181,54
2026-09-01,2026-Q3 Leads,Set 2,Ad 2 masterclass live,1285.06,137111,34766,243,72
2026-09-01,2026-Q3 Leads,Set 0,Ad 3 authority photo,1332.68,158410,39741,226,67
2026-09-01,2026-Q3 Leads,Set 1,Ad 4 free template download,1298.39,144456,38712,598,179
2026-09-01,2026-Q3 Leads,Set 2,Ad 5 promo offer,1499.74,166985,41822,247,74
2026-09-01,2026-Q3 Leads,Set 0,Ad 6 comparison vs,957.48,102660,24749,198,59
2026-09-01,2026-Q3 Leads,Set 1,Ad 7 walkthrough demo,1463.09,132465,31712,279,83
2026-09-01,2026-Q3 Leads,Set 2,Ad 8 masterclass live,1557.64,154221,37568,343,102
2026-09-01,2026-Q3 Leads,Set 0,Ad 9 authority photo,1304.97,133460,32445,298,89
2026-09-01,2026-Q3 Leads,Set 1,Ad 10 free template download,1311.73,123364,30674,374,112
2026-09-01,2026-Q3 Leads,Set 2,Ad 11 promo offer,1233.74,113308,27098,176,52
2026-10-01,2026-Q4 Leads,Set 0,Ad 0 comparison vs,1071.52,105414,34080,184,55
2026-10-01,2026-Q4 Leads,Set 1,Ad 1 walkthrough demo,859.07,80632,27570,148,44
2026-10-01,2026-Q4 Leads,Set 2,Ad 2 masterclass live,1262.26,114129,35779,186,55
2026-10-01,2026-Q4 Leads,Set 0,Ad 3 authority photo,935.04,106256,38140,165,49
2026-10-01,2026-Q4 Leads,Set 1,Ad 4 free template download,1016.01,101441,33415,169,50
2026-10-01,2026-Q4 Leads,Set 2,Ad 5 promo offer,1394.18,158259,51316,241,72
2026-10-01,2026-Q4 Leads,Set 0,Ad 6 comparison vs,1595.08,179363,64948,230,69
2026-10-01,2026-Q4 Leads,Set 1,Ad 7 walkthrough demo,1381.73,133686,45530,316,94
2026-10-01,2026-Q4 Leads,Set 2,Ad 8 masterclass live,1402.68,141716,49009,202,60
2026-10-01,2026-Q4 Leads,Set 0,Ad 9 authority photo,1299.51,147648,46345,322,96
2026-10-01,2026-Q4 Leads,Set 1,Ad 10 free template download,1556.87,157729,56999,310,93
2026-10-01,2026-Q4 Leads,Set 2,Ad 11 promo offer,1261.18,125215,46065,225,67
2026-11-01,2026-Q4 Leads,Set 0,Ad 0 comparison vs,877.95,89758,34405,200,60
2026-11-01,2026-Q4 Leads,Set 1,Ad 1 walkthrough demo,911.18,98327,37561,181,54
2026-11-01,2026-Q4 Leads,Set 2,Ad 2 masterclass live,1156.25,106529,39364,260,78
2026-11-01,2026-Q4 Leads,Set 0,Ad 3 authority photo,1342.1,127303,44294,250,75
2026-11-01,2026-Q4 Leads,Set 1,Ad 4 free template download,1017.98,113099,41379,166,49
2026-11-01,2026-Q4 Leads,Set 2,Ad 5 promo offer,1342.01,135014,50643,324,97
2026-11-01,2026-Q4 Leads,Set 0,Ad 6 comparison vs,1164.93,135236,48674,202,60
2026-11-01,2026-Q4 Leads,Set 1,Ad 7 walkthrough demo,1300.93,124915,47166,210,63
2026-11-01,2026-Q4 Leads,Set 2,Ad 8 masterclass live,1427.56,137091,51121,341,102
2026-11-01,2026-Q4 Leads,Set 0,Ad 9 authority photo,1237.48,143923,51616,260,78
2026-11-01,2026-Q4 Leads,Set 1,Ad 10 free template download,1228.7,114232,38567,260,78
2026-11-01,2026-Q4 Leads,Set 2,Ad 11 promo offer,1540.74,163393,57135,315,94
